"Historian","Period"
"Ernst Kitzinger","byzantine art"
"Ernst Kitzinger","byzantine art"
"Ernst Kitzinger","byzantine art"
"Ernst Kitzinger","byzantine art"
"Ernst Kitzinger","byzantine art"
"Ernst Kitzinger","byzantine art"
"Ernst Kitzinger","byzantine art"
"Ernst Kitzinger","byzantine art"
"Ernst Kitzinger","byzantine art"
"Ernst Kitzinger","byzantine art"
"Ernst Kitzinger","byzantine art"
"Ernst Kitzinger","byzantine art"
"Ernst Kitzinger","middle ages"
"Ernst Kitzinger","middle ages"
"Ernst Kitzinger","middle ages"
"Ernst Kitzinger","middle ages"
"Ernst Kitzinger","middle ages"
"Ernst Kitzinger","middle ages"
"Ernst Kitzinger","middle ages"
"Ernst Kitzinger","middle ages"
"Ernst Kitzinger","middle ages"
"Ernst Kitzinger","middle ages"
"Ernst Kitzinger","middle ages"
"Ernst Kitzinger","middle ages"
"Ernst Kitzinger","middle ages"
"Ernst Kitzinger","middle ages"
"Ernst Kitzinger","middle ages"
"Ernst Kitzinger","middle ages"
"Ernst Kitzinger","middle ages"
"Ernst Kitzinger","middle ages"
"Ernst Kitzinger","early christian art and architecture"
"Ernst Kitzinger","early christian art and architecture"
"Ernst Kitzinger","early christian art and architecture"
"Ernst Kitzinger","early christian art and architecture"
"Ernst Kitzinger","early christian art and architecture"
"Ernst Kitzinger","early christian art and architecture"
"Wolfgang Lotz","17th century"
"Wolfgang Lotz","17th century"
"Wolfgang Lotz","17th century"
"Wolfgang Lotz","17th century"
"Wolfgang Lotz","17th century"
"Wolfgang Lotz","17th century"
"Wolfgang Lotz","17th century"
"Wolfgang Lotz","17th century"
"Wolfgang Lotz","17th century"
"Wolfgang Lotz","17th century"
"Wolfgang Lotz","17th century"
"Wolfgang Lotz","17th century"
"Wolfgang Lotz","17th century"
"Wolfgang Lotz","17th century"
"Wolfgang Lotz","16th century"
"Wolfgang Lotz","16th century"
"Wolfgang Lotz","16th century"
"Wolfgang Lotz","16th century"
"Wolfgang Lotz","16th century"
"Wolfgang Lotz","16th century"
"Wolfgang Lotz","16th century"
"Wolfgang Lotz","16th century"
"Wolfgang Lotz","16th century"
"Wolfgang Lotz","16th century"
"Wolfgang Lotz","16th century"
"Wolfgang Lotz","16th century"
"Wolfgang Lotz","16th century"
"Wolfgang Lotz","16th century"
"Wolfgang Lotz","16th century"
"Wolfgang Lotz","16th century"
"Wolfgang Lotz","16th century"
"Wolfgang Lotz","16th century"
"Wolfgang Lotz","baroque"
"Wolfgang Lotz","baroque"
"Wolfgang Lotz","baroque"
"Wolfgang Lotz","baroque"
"Wolfgang Lotz","baroque"
"Wolfgang Lotz","baroque"
"Wolfgang Lotz","baroque"
"Wolfgang Lotz","baroque"
"Wolfgang Lotz","baroque"
"Wolfgang Lotz","baroque"
"Wolfgang Lotz","baroque"
"Wolfgang Lotz","baroque"
"Wolfgang Lotz","baroque"
"Wolfgang Lotz","baroque"
"Wolfgang Lotz","baroque"
"Wolfgang Lotz","baroque"
"Wolfgang Lotz","baroque"
"Wolfgang Lotz","baroque"
"Wolfgang Lotz","baroque"
"Wolfgang Lotz","baroque"
"Wolfgang Lotz","baroque"
"Wolfgang Lotz","baroque"
"Wolfgang Lotz","renaissance"
"Wolfgang Lotz","renaissance"
"Wolfgang Lotz","renaissance"
"Wolfgang Lotz","renaissance"
"Wolfgang Lotz","renaissance"
"Wolfgang Lotz","renaissance"
"Wolfgang Lotz","renaissance"
"Wolfgang Lotz","renaissance"
"Wolfgang Lotz","renaissance"
"Wolfgang Lotz","renaissance"
"Wolfgang Lotz","renaissance"
"Wolfgang Lotz","renaissance"
"Wolfgang Lotz","renaissance"
"Wolfgang Lotz","renaissance"
"Wolfgang Lotz","renaissance"
"Wolfgang Lotz","renaissance"
"Wolfgang Lotz","renaissance"
"Wolfgang Lotz","renaissance"
"Wolfgang Lotz","renaissance"
"Wolfgang Lotz","renaissance"
"Wolfgang Lotz","renaissance"
"Wolfgang Lotz","renaissance"
"Federico Zeri","mannerism"
"Federico Zeri","mannerism"
"Federico Zeri","mannerism"
"Federico Zeri","mannerism"
"Federico Zeri","mannerism"
"Federico Zeri","mannerism"
"Federico Zeri","mannerism"
"Federico Zeri","mannerism"
"Federico Zeri","mannerism"
"Federico Zeri","mannerism"
"Federico Zeri","mannerism"
"Federico Zeri","mannerism"
"Federico Zeri","mannerism"
"Federico Zeri","mannerism"
"Federico Zeri","mannerism"
"Federico Zeri","mannerism"
"Federico Zeri","mannerism"
"Federico Zeri","mannerism"
"Federico Zeri","mannerism"
"Federico Zeri","mannerism"
"Federico Zeri","mannerism"
"Federico Zeri","mannerism"
"Federico Zeri","mannerism"
"Federico Zeri","mannerism"
"Federico Zeri","16th century"
"Federico Zeri","16th century"
"Federico Zeri","16th century"
"Federico Zeri","16th century"
"Federico Zeri","16th century"
"Federico Zeri","16th century"
"Federico Zeri","16th century"
"Federico Zeri","16th century"
"Federico Zeri","16th century"
"Federico Zeri","16th century"
"Federico Zeri","16th century"
"Federico Zeri","16th century"
"Federico Zeri","16th century"
"Federico Zeri","16th century"
"Federico Zeri","16th century"
"Federico Zeri","16th century"
"Federico Zeri","16th century"
"Federico Zeri","16th century"
"Federico Zeri","16th century"
"Federico Zeri","16th century"
"Federico Zeri","16th century"
"Federico Zeri","16th century"
"Federico Zeri","16th century"
"Federico Zeri","16th century"
"Federico Zeri","16th century"
"Federico Zeri","16th century"
"Federico Zeri","16th century"
"Federico Zeri","16th century"
"Federico Zeri","16th century"
"Federico Zeri","16th century"
"Federico Zeri","16th century"
"Federico Zeri","16th century"
"Federico Zeri","16th century"
"Federico Zeri","16th century"
"Federico Zeri","16th century"
"Federico Zeri","16th century"
"Federico Zeri","15th century"
"Federico Zeri","15th century"
"Federico Zeri","15th century"
"Federico Zeri","15th century"
"Federico Zeri","15th century"
"Federico Zeri","15th century"
"Federico Zeri","15th century"
"Federico Zeri","15th century"
"Federico Zeri","15th century"
"Federico Zeri","15th century"
"Federico Zeri","15th century"
"Federico Zeri","15th century"
"Federico Zeri","15th century"
"Federico Zeri","15th century"
"Federico Zeri","15th century"
"Federico Zeri","15th century"
"Federico Zeri","15th century"
"Federico Zeri","15th century"
"Federico Zeri","15th century"
"Federico Zeri","15th century"
"Federico Zeri","15th century"
"Federico Zeri","15th century"
"Federico Zeri","15th century"
"Federico Zeri","15th century"
"Federico Zeri","15th century"
"Federico Zeri","15th century"
"Federico Zeri","15th century"
"Federico Zeri","15th century"
"Federico Zeri","middle ages"
"Federico Zeri","middle ages"
"Federico Zeri","middle ages"
"Federico Zeri","middle ages"
"Federico Zeri","middle ages"
"Federico Zeri","middle ages"
"Federico Zeri","middle ages"
"Federico Zeri","middle ages"
"Federico Zeri","middle ages"
"Federico Zeri","middle ages"
"Federico Zeri","middle ages"
"Federico Zeri","middle ages"
"Federico Zeri","middle ages"
"Federico Zeri","middle ages"
"Federico Zeri","middle ages"
"Federico Zeri","middle ages"
"Federico Zeri","middle ages"
"Federico Zeri","middle ages"
"Federico Zeri","middle ages"
"Federico Zeri","middle ages"
"Federico Zeri","middle ages"
"Federico Zeri","middle ages"
"Federico Zeri","middle ages"
"Federico Zeri","middle ages"
"Federico Zeri","renaissance"
"Federico Zeri","renaissance"
"Federico Zeri","renaissance"
"Federico Zeri","renaissance"
"Federico Zeri","renaissance"
"Federico Zeri","renaissance"
"Federico Zeri","renaissance"
"Federico Zeri","renaissance"
"Federico Zeri","renaissance"
"Federico Zeri","renaissance"
"Federico Zeri","renaissance"
"Federico Zeri","renaissance"
"Federico Zeri","renaissance"
"Federico Zeri","renaissance"
"Federico Zeri","renaissance"
"Federico Zeri","renaissance"
"Federico Zeri","renaissance"
"Federico Zeri","renaissance"
"Federico Zeri","renaissance"
"Federico Zeri","renaissance"
"Federico Zeri","renaissance"
"Federico Zeri","renaissance"
"Federico Zeri","renaissance"
"Federico Zeri","renaissance"
"Federico Zeri","renaissance"
"Federico Zeri","renaissance"
"Federico Zeri","renaissance"
"Federico Zeri","renaissance"
"Federico Zeri","renaissance"
"Federico Zeri","renaissance"
"Federico Zeri","renaissance"
"Federico Zeri","renaissance"
"Federico Zeri","renaissance"
"Federico Zeri","renaissance"
"Federico Zeri","renaissance"
"Federico Zeri","renaissance"
"Federico Zeri","renaissance"
"Federico Zeri","renaissance"
"Federico Zeri","renaissance"
"Federico Zeri","renaissance"
"Federico Zeri","renaissance"
"Federico Zeri","renaissance"
"Federico Zeri","renaissance"
"Federico Zeri","renaissance"
"Federico Zeri","17th century"
"Federico Zeri","17th century"
"Federico Zeri","17th century"
"Federico Zeri","17th century"
"Federico Zeri","17th century"
"Federico Zeri","17th century"
"Federico Zeri","17th century"
"Federico Zeri","17th century"
"Federico Zeri","17th century"
"Federico Zeri","17th century"
"Federico Zeri","17th century"
"Federico Zeri","17th century"
"Federico Zeri","17th century"
"Federico Zeri","17th century"
"Federico Zeri","17th century"
"Federico Zeri","17th century"
"Federico Zeri","17th century"
"Federico Zeri","17th century"
"Federico Zeri","17th century"
"Federico Zeri","17th century"
"Federico Zeri","17th century"
"Federico Zeri","17th century"
"Federico Zeri","17th century"
"Federico Zeri","17th century"
"Federico Zeri","17th century"
"Federico Zeri","17th century"
"Federico Zeri","17th century"
"Federico Zeri","17th century"
"Federico Zeri","baroque"
"Federico Zeri","baroque"
"Federico Zeri","baroque"
"Federico Zeri","baroque"
"Federico Zeri","baroque"
"Federico Zeri","baroque"
"Federico Zeri","baroque"
"Federico Zeri","baroque"
"Federico Zeri","baroque"
"Federico Zeri","baroque"
"Federico Zeri","baroque"
"Federico Zeri","baroque"
"Federico Zeri","baroque"
"Federico Zeri","baroque"
"Federico Zeri","baroque"
"Federico Zeri","baroque"
"Federico Zeri","baroque"
"Federico Zeri","baroque"
"Federico Zeri","baroque"
"Federico Zeri","baroque"
"Federico Zeri","baroque"
"Federico Zeri","baroque"
"Federico Zeri","baroque"
"Federico Zeri","baroque"
"Federico Zeri","baroque"
"Federico Zeri","baroque"
"Federico Zeri","baroque"
"Federico Zeri","baroque"
"Federico Zeri","baroque"
"Federico Zeri","baroque"
"Federico Zeri","baroque"
"Federico Zeri","baroque"
"Federico Zeri","baroque"
"Federico Zeri","baroque"
"Federico Zeri","baroque"
"Federico Zeri","baroque"
"Federico Zeri","baroque"
"Federico Zeri","baroque"
"Federico Zeri","baroque"
"Federico Zeri","baroque"
"Federico Zeri","baroque"
"Federico Zeri","baroque"
"Federico Zeri","baroque"
"Federico Zeri","baroque"
"Otto Lehmann-Brockhaus","middle ages"
"Otto Lehmann-Brockhaus","middle ages"
"Otto Lehmann-Brockhaus","middle ages"
"Otto Lehmann-Brockhaus","middle ages"
"Otto Lehmann-Brockhaus","middle ages"
"Otto Lehmann-Brockhaus","middle ages"
"Otto Lehmann-Brockhaus","middle ages"
"Otto Lehmann-Brockhaus","middle ages"
"Otto Lehmann-Brockhaus","middle ages"
"Otto Lehmann-Brockhaus","middle ages"
"Otto Lehmann-Brockhaus","middle ages"
"Otto Lehmann-Brockhaus","middle ages"
"Otto Lehmann-Brockhaus","middle ages"
"Otto Lehmann-Brockhaus","middle ages"
"Otto Lehmann-Brockhaus","middle ages"
"Otto Lehmann-Brockhaus","middle ages"
"Otto Lehmann-Brockhaus","middle ages"
"Otto Lehmann-Brockhaus","middle ages"
"Luisa Vertova","romanticism"
"Luisa Vertova","19th century"
"Luisa Vertova","16th century"
"Luisa Vertova","16th century"
"Luisa Vertova","16th century"
"Luisa Vertova","16th century"
"Luisa Vertova","16th century"
"Luisa Vertova","16th century"
"Luisa Vertova","16th century"
"Luisa Vertova","16th century"
"Luisa Vertova","16th century"
"Luisa Vertova","17th century"
"Luisa Vertova","17th century"
"Luisa Vertova","17th century"
"Luisa Vertova","17th century"
"Luisa Vertova","17th century"
"Luisa Vertova","17th century"
"Luisa Vertova","17th century"
"Luisa Vertova","15th century"
"Luisa Vertova","15th century"
"Luisa Vertova","15th century"
"Luisa Vertova","15th century"
"Luisa Vertova","15th century"
"Luisa Vertova","15th century"
"Luisa Vertova","15th century"
"Luisa Vertova","18th century"
"Luisa Vertova","18th century"
"Luisa Vertova","18th century"
"Luisa Vertova","renaissance"
"Luisa Vertova","renaissance"
"Luisa Vertova","renaissance"
"Luisa Vertova","renaissance"
"Luisa Vertova","renaissance"
"Luisa Vertova","renaissance"
"Luisa Vertova","renaissance"
"Luisa Vertova","renaissance"
"Luisa Vertova","renaissance"
"Luisa Vertova","renaissance"
"Luisa Vertova","renaissance"
"Luisa Vertova","neoclassicism"
"Luisa Vertova","neoclassicism"
"Kurt Badt","baroque"
"Kurt Badt","baroque"
"Kurt Badt","baroque"
"Kurt Badt","baroque"
"Kurt Badt","baroque"
"Kurt Badt","baroque"
"Kurt Badt","baroque"
"Kurt Badt","baroque"
"Kurt Badt","baroque"
"Kurt Badt","baroque"
"Kurt Badt","baroque"
"Kurt Badt","middle ages"
"Kurt Badt","middle ages"
"Kurt Badt","middle ages"
"Kurt Badt","middle ages"
"Kurt Badt","middle ages"
"Kurt Badt","middle ages"
"Kurt Badt","16th century"
"Kurt Badt","16th century"
"Kurt Badt","16th century"
"Kurt Badt","16th century"
"Kurt Badt","16th century"
"Kurt Badt","16th century"
"Kurt Badt","16th century"
"Kurt Badt","16th century"
"Kurt Badt","16th century"
"Kurt Badt","mannerism"
"Kurt Badt","mannerism"
"Kurt Badt","mannerism"
"Kurt Badt","mannerism"
"Kurt Badt","mannerism"
"Kurt Badt","mannerism"
"Julius S. Held","17th century"
"Julius S. Held","17th century"
"Julius S. Held","17th century"
"Julius S. Held","17th century"
"Julius S. Held","17th century"
"Julius S. Held","17th century"
"Julius S. Held","17th century"
"Julius S. Held","17th century"
"Julius S. Held","17th century"
"Julius S. Held","17th century"
"Julius S. Held","17th century"
"Julius S. Held","17th century"
"Julius S. Held","17th century"
"Julius S. Held","17th century"
"Julius S. Held","16th century"
"Julius S. Held","16th century"
"Julius S. Held","16th century"
"Julius S. Held","16th century"
"Julius S. Held","16th century"
"Julius S. Held","16th century"
"Julius S. Held","16th century"
"Julius S. Held","16th century"
"Julius S. Held","16th century"
"Julius S. Held","16th century"
"Julius S. Held","16th century"
"Julius S. Held","16th century"
"Julius S. Held","16th century"
"Julius S. Held","16th century"
"Julius S. Held","16th century"
"Julius S. Held","16th century"
"Julius S. Held","16th century"
"Julius S. Held","16th century"
"Ulrich Middeldorf","cold war"
"Ulrich Middeldorf","cold war"
"Aby Warburg","renaissance"
"Aby Warburg","renaissance"
"Aby Warburg","renaissance"
"Aby Warburg","renaissance"
"Aby Warburg","renaissance"
"Aby Warburg","renaissance"
"Aby Warburg","renaissance"
"Aby Warburg","renaissance"
"Aby Warburg","renaissance"
"Aby Warburg","renaissance"
"Aby Warburg","renaissance"
"Werner Cohn","middle ages"
"Werner Cohn","middle ages"
"Werner Cohn","middle ages"
"Werner Cohn","middle ages"
"Werner Cohn","middle ages"
"Werner Cohn","middle ages"
"Werner Cohn","renaissance"
"Werner Cohn","renaissance"
"Werner Cohn","renaissance"
"Werner Cohn","renaissance"
"Werner Cohn","renaissance"
"Werner Cohn","renaissance"
"Werner Cohn","renaissance"
"Werner Cohn","renaissance"
"Werner Cohn","renaissance"
"Werner Cohn","renaissance"
"Werner Cohn","renaissance"
"Fritz Heinemann","mannerism"
"Fritz Heinemann","mannerism"
"Fritz Heinemann","mannerism"
"Fritz Heinemann","mannerism"
"Fritz Heinemann","mannerism"
"Fritz Heinemann","mannerism"
"Fritz Heinemann","16th century"
"Fritz Heinemann","16th century"
"Fritz Heinemann","16th century"
"Fritz Heinemann","16th century"
"Fritz Heinemann","16th century"
"Fritz Heinemann","16th century"
"Fritz Heinemann","16th century"
"Fritz Heinemann","16th century"
"Fritz Heinemann","16th century"
"Fritz Heinemann","17th century"
"Fritz Heinemann","17th century"
"Fritz Heinemann","17th century"
"Fritz Heinemann","17th century"
"Fritz Heinemann","17th century"
"Fritz Heinemann","17th century"
"Fritz Heinemann","17th century"
"Fritz Heinemann","15th century"
"Fritz Heinemann","15th century"
"Fritz Heinemann","15th century"
"Fritz Heinemann","15th century"
"Fritz Heinemann","15th century"
"Fritz Heinemann","15th century"
"Fritz Heinemann","15th century"
"Fritz Heinemann","renaissance"
"Fritz Heinemann","renaissance"
"Fritz Heinemann","renaissance"
"Fritz Heinemann","renaissance"
"Fritz Heinemann","renaissance"
"Fritz Heinemann","renaissance"
"Fritz Heinemann","renaissance"
"Fritz Heinemann","renaissance"
"Fritz Heinemann","renaissance"
"Fritz Heinemann","renaissance"
"Fritz Heinemann","renaissance"
"Fritz Heinemann","baroque"
"Fritz Heinemann","baroque"
"Fritz Heinemann","baroque"
"Fritz Heinemann","baroque"
"Fritz Heinemann","baroque"
"Fritz Heinemann","baroque"
"Fritz Heinemann","baroque"
"Fritz Heinemann","baroque"
"Fritz Heinemann","baroque"
"Fritz Heinemann","baroque"
"Fritz Heinemann","baroque"
"Stefano Tumidei","16th century"
"Stefano Tumidei","16th century"
"Stefano Tumidei","16th century"
"Stefano Tumidei","16th century"
"Stefano Tumidei","16th century"
"Stefano Tumidei","16th century"
"Stefano Tumidei","16th century"
"Stefano Tumidei","16th century"
"Stefano Tumidei","16th century"
"Stefano Tumidei","17th century"
"Stefano Tumidei","17th century"
"Stefano Tumidei","17th century"
"Stefano Tumidei","17th century"
"Stefano Tumidei","17th century"
"Stefano Tumidei","17th century"
"Stefano Tumidei","17th century"
"Stefano Tumidei","15th century"
"Stefano Tumidei","15th century"
"Stefano Tumidei","15th century"
"Stefano Tumidei","15th century"
"Stefano Tumidei","15th century"
"Stefano Tumidei","15th century"
"Stefano Tumidei","15th century"
"Stefano Tumidei","18th century"
"Stefano Tumidei","18th century"
"Stefano Tumidei","18th century"
"Stefano Tumidei","renaissance"
"Stefano Tumidei","renaissance"
"Stefano Tumidei","renaissance"
"Stefano Tumidei","renaissance"
"Stefano Tumidei","renaissance"
"Stefano Tumidei","renaissance"
"Stefano Tumidei","renaissance"
"Stefano Tumidei","renaissance"
"Stefano Tumidei","renaissance"
"Stefano Tumidei","renaissance"
"Stefano Tumidei","renaissance"
"Stefano Tumidei","neoclassicism"
"Stefano Tumidei","neoclassicism"
"Stefano Tumidei","baroque"
"Stefano Tumidei","baroque"
"Stefano Tumidei","baroque"
"Stefano Tumidei","baroque"
"Stefano Tumidei","baroque"
"Stefano Tumidei","baroque"
"Stefano Tumidei","baroque"
"Stefano Tumidei","baroque"
"Stefano Tumidei","baroque"
"Stefano Tumidei","baroque"
"Stefano Tumidei","baroque"
"Leo Steinberg","modern art"
"Leo Steinberg","modern art"
"Leo Steinberg","renaissance"
"Leo Steinberg","renaissance"
"Leo Steinberg","renaissance"
"Leo Steinberg","renaissance"
"Leo Steinberg","renaissance"
"Leo Steinberg","renaissance"
"Leo Steinberg","renaissance"
"Leo Steinberg","renaissance"
"Leo Steinberg","renaissance"
"Leo Steinberg","renaissance"
"Leo Steinberg","renaissance"
"Leo Steinberg","renaissance"
"Leo Steinberg","renaissance"
"Leo Steinberg","renaissance"
"Leo Steinberg","renaissance"
"Leo Steinberg","renaissance"
"Leo Steinberg","renaissance"
"Leo Steinberg","renaissance"
"Leo Steinberg","renaissance"
"Leo Steinberg","renaissance"
"Leo Steinberg","renaissance"
"Leo Steinberg","renaissance"
"Ulrich Middeldorf","renaissance"
"Ulrich Middeldorf","renaissance"
"Ulrich Middeldorf","renaissance"
"Ulrich Middeldorf","renaissance"
"Ulrich Middeldorf","renaissance"
"Ulrich Middeldorf","renaissance"
"Ulrich Middeldorf","renaissance"
"Ulrich Middeldorf","renaissance"
"Ulrich Middeldorf","renaissance"
"Ulrich Middeldorf","renaissance"
"Ulrich Middeldorf","renaissance"
"Ulrich Middeldorf","renaissance"
"Ulrich Middeldorf","renaissance"
"Ulrich Middeldorf","renaissance"
"Ulrich Middeldorf","renaissance"
"Ulrich Middeldorf","renaissance"
"Ulrich Middeldorf","renaissance"
"Ulrich Middeldorf","renaissance"
"Ulrich Middeldorf","renaissance"
"Ulrich Middeldorf","renaissance"
"Ulrich Middeldorf","renaissance"
"Ulrich Middeldorf","renaissance"
"Kornél Fabriczy","renaissance"
"Kornél Fabriczy","renaissance"
"Kornél Fabriczy","renaissance"
"Kornél Fabriczy","renaissance"
"Kornél Fabriczy","renaissance"
"Kornél Fabriczy","renaissance"
"Kornél Fabriczy","renaissance"
"Kornél Fabriczy","renaissance"
"Kornél Fabriczy","renaissance"
"Kornél Fabriczy","renaissance"
"Kornél Fabriczy","renaissance"
"Gustav Ludwig","15th century"
"Gustav Ludwig","15th century"
"Gustav Ludwig","15th century"
"Gustav Ludwig","15th century"
"Gustav Ludwig","15th century"
"Gustav Ludwig","15th century"
"Gustav Ludwig","15th century"
"Gustav Ludwig","16th century"
"Gustav Ludwig","16th century"
"Gustav Ludwig","16th century"
"Gustav Ludwig","16th century"
"Gustav Ludwig","16th century"
"Gustav Ludwig","16th century"
"Gustav Ludwig","16th century"
"Gustav Ludwig","16th century"
"Gustav Ludwig","16th century"
"Luigi Salerno","17th century"
"Luigi Salerno","17th century"
"Luigi Salerno","17th century"
"Luigi Salerno","17th century"
"Luigi Salerno","17th century"
"Luigi Salerno","17th century"
"Luigi Salerno","17th century"
"Luigi Salerno","baroque"
"Luigi Salerno","baroque"
"Luigi Salerno","baroque"
"Luigi Salerno","baroque"
"Luigi Salerno","baroque"
"Luigi Salerno","baroque"
"Luigi Salerno","baroque"
"Luigi Salerno","baroque"
"Luigi Salerno","baroque"
"Luigi Salerno","baroque"
"Luigi Salerno","baroque"
"Luigi Salerno","18th century"
"Luigi Salerno","18th century"
"Luigi Salerno","18th century"
"Everett Fahy","15th century"
"Everett Fahy","15th century"
"Everett Fahy","15th century"
"Everett Fahy","15th century"
"Everett Fahy","15th century"
"Everett Fahy","15th century"
"Everett Fahy","15th century"
"Everett Fahy","15th century"
"Everett Fahy","15th century"
"Everett Fahy","15th century"
"Everett Fahy","15th century"
"Everett Fahy","15th century"
"Everett Fahy","15th century"
"Everett Fahy","15th century"
"Everett Fahy","14th century"
"Everett Fahy","14th century"
"Everett Fahy","renaissance"
"Everett Fahy","renaissance"
"Everett Fahy","renaissance"
"Everett Fahy","renaissance"
"Everett Fahy","renaissance"
"Everett Fahy","renaissance"
"Everett Fahy","renaissance"
"Everett Fahy","renaissance"
"Everett Fahy","renaissance"
"Everett Fahy","renaissance"
"Everett Fahy","renaissance"
"Everett Fahy","renaissance"
"Everett Fahy","renaissance"
"Everett Fahy","renaissance"
"Everett Fahy","renaissance"
"Everett Fahy","renaissance"
"Everett Fahy","renaissance"
"Everett Fahy","renaissance"
"Everett Fahy","renaissance"
"Everett Fahy","renaissance"
"Everett Fahy","renaissance"
"Everett Fahy","renaissance"
"Everett Fahy","16th century"
"Everett Fahy","16th century"
"Everett Fahy","16th century"
"Everett Fahy","16th century"
"Everett Fahy","16th century"
"Everett Fahy","16th century"
"Everett Fahy","16th century"
"Everett Fahy","16th century"
"Everett Fahy","16th century"
"Everett Fahy","16th century"
"Everett Fahy","16th century"
"Everett Fahy","16th century"
"Everett Fahy","16th century"
"Everett Fahy","16th century"
"Everett Fahy","16th century"
"Everett Fahy","16th century"
"Everett Fahy","16th century"
"Everett Fahy","16th century"
"Richard Krautheimer","early christian art and architecture"
"Richard Krautheimer","early christian art and architecture"
"Richard Krautheimer","early christian art and architecture"
"Richard Krautheimer","early christian art and architecture"
"Richard Krautheimer","early christian art and architecture"
"Richard Krautheimer","early christian art and architecture"
"Richard Krautheimer","renaissance"
"Richard Krautheimer","renaissance"
"Richard Krautheimer","renaissance"
"Richard Krautheimer","renaissance"
"Richard Krautheimer","renaissance"
"Richard Krautheimer","renaissance"
"Richard Krautheimer","renaissance"
"Richard Krautheimer","renaissance"
"Richard Krautheimer","renaissance"
"Richard Krautheimer","renaissance"
"Richard Krautheimer","renaissance"
"Richard Krautheimer","renaissance"
"Richard Krautheimer","renaissance"
"Richard Krautheimer","renaissance"
"Richard Krautheimer","renaissance"
"Richard Krautheimer","renaissance"
"Richard Krautheimer","renaissance"
"Richard Krautheimer","renaissance"
"Richard Krautheimer","renaissance"
"Richard Krautheimer","renaissance"
"Richard Krautheimer","renaissance"
"Richard Krautheimer","renaissance"
"Richard Krautheimer","renaissance"
"Richard Krautheimer","renaissance"
"Richard Krautheimer","renaissance"
"Richard Krautheimer","renaissance"
"Richard Krautheimer","renaissance"
"Richard Krautheimer","renaissance"
"Richard Krautheimer","renaissance"
"Richard Krautheimer","renaissance"
"Richard Krautheimer","renaissance"
"Richard Krautheimer","renaissance"
"Richard Krautheimer","renaissance"
"Richard Krautheimer","byzantine art"
"Richard Krautheimer","byzantine art"
"Richard Krautheimer","byzantine art"
"Richard Krautheimer","byzantine art"
"Richard Krautheimer","byzantine art"
"Richard Krautheimer","byzantine art"
"Richard Krautheimer","byzantine art"
"Richard Krautheimer","byzantine art"
"Richard Krautheimer","byzantine art"
"Richard Krautheimer","byzantine art"
"Richard Krautheimer","byzantine art"
"Richard Krautheimer","byzantine art"
"Richard Krautheimer","baroque"
"Richard Krautheimer","baroque"
"Richard Krautheimer","baroque"
"Richard Krautheimer","baroque"
"Richard Krautheimer","baroque"
"Richard Krautheimer","baroque"
"Richard Krautheimer","baroque"
"Richard Krautheimer","baroque"
"Richard Krautheimer","baroque"
"Richard Krautheimer","baroque"
"Richard Krautheimer","baroque"
"Richard Krautheimer","baroque"
"Richard Krautheimer","baroque"
"Richard Krautheimer","baroque"
"Richard Krautheimer","baroque"
"Richard Krautheimer","baroque"
"Richard Krautheimer","baroque"
"Richard Krautheimer","baroque"
"Richard Krautheimer","baroque"
"Richard Krautheimer","baroque"
"Richard Krautheimer","baroque"
"Richard Krautheimer","baroque"
"Richard Krautheimer","baroque"
"Richard Krautheimer","baroque"
"Richard Krautheimer","baroque"
"Richard Krautheimer","baroque"
"Richard Krautheimer","baroque"
"Richard Krautheimer","baroque"
"Richard Krautheimer","baroque"
"Richard Krautheimer","baroque"
"Richard Krautheimer","baroque"
"Richard Krautheimer","baroque"
"Richard Krautheimer","baroque"
"Julian Kliemann","mannerism"
"Julian Kliemann","mannerism"
"Julian Kliemann","mannerism"
"Julian Kliemann","mannerism"
"Julian Kliemann","mannerism"
"Julian Kliemann","mannerism"
"Julian Kliemann","16th century"
"Julian Kliemann","16th century"
"Julian Kliemann","16th century"
"Julian Kliemann","16th century"
"Julian Kliemann","16th century"
"Julian Kliemann","16th century"
"Julian Kliemann","16th century"
"Julian Kliemann","16th century"
"Julian Kliemann","16th century"
"Julian Kliemann","17th century"
"Julian Kliemann","17th century"
"Julian Kliemann","17th century"
"Julian Kliemann","17th century"
"Julian Kliemann","17th century"
"Julian Kliemann","17th century"
"Julian Kliemann","17th century"
"Julian Kliemann","15th century"
"Julian Kliemann","15th century"
"Julian Kliemann","15th century"
"Julian Kliemann","15th century"
"Julian Kliemann","15th century"
"Julian Kliemann","15th century"
"Julian Kliemann","15th century"
"Julian Kliemann","renaissance"
"Julian Kliemann","renaissance"
"Julian Kliemann","renaissance"
"Julian Kliemann","renaissance"
"Julian Kliemann","renaissance"
"Julian Kliemann","renaissance"
"Julian Kliemann","renaissance"
"Julian Kliemann","renaissance"
"Julian Kliemann","renaissance"
"Julian Kliemann","renaissance"
"Julian Kliemann","renaissance"
"Julian Kliemann","baroque"
"Julian Kliemann","baroque"
"Julian Kliemann","baroque"
"Julian Kliemann","baroque"
"Julian Kliemann","baroque"
"Julian Kliemann","baroque"
"Julian Kliemann","baroque"
"Julian Kliemann","baroque"
"Julian Kliemann","baroque"
"Julian Kliemann","baroque"
"Julian Kliemann","baroque"
"Ellis Waterhouse","baroque"
"Ellis Waterhouse","baroque"
"Ellis Waterhouse","baroque"
"Ellis Waterhouse","baroque"
"Ellis Waterhouse","baroque"
"Ellis Waterhouse","baroque"
"Ellis Waterhouse","baroque"
"Ellis Waterhouse","baroque"
"Ellis Waterhouse","baroque"
"Ellis Waterhouse","baroque"
"Ellis Waterhouse","baroque"
"Ellis Waterhouse","mannerism"
"Ellis Waterhouse","mannerism"
"Ellis Waterhouse","mannerism"
"Ellis Waterhouse","mannerism"
"Ellis Waterhouse","mannerism"
"Ellis Waterhouse","mannerism"
"Ernst Steinmann","renaissance"
"Ernst Steinmann","renaissance"
"Ernst Steinmann","renaissance"
"Ernst Steinmann","renaissance"
"Ernst Steinmann","renaissance"
"Ernst Steinmann","renaissance"
"Ernst Steinmann","renaissance"
"Ernst Steinmann","renaissance"
"Ernst Steinmann","renaissance"
"Ernst Steinmann","renaissance"
"Ernst Steinmann","renaissance"
"Ernst Steinmann","renaissance"
"Ernst Steinmann","renaissance"
"Ernst Steinmann","renaissance"
"Ernst Steinmann","renaissance"
"Ernst Steinmann","renaissance"
"Ernst Steinmann","renaissance"
"Ernst Steinmann","renaissance"
"Ernst Steinmann","renaissance"
"Ernst Steinmann","renaissance"
"Ernst Steinmann","renaissance"
"Ernst Steinmann","renaissance"
"Ernst Steinmann","renaissance"
"Ernst Steinmann","renaissance"
"Ernst Steinmann","renaissance"
"Ernst Steinmann","renaissance"
"Ernst Steinmann","renaissance"
"Ernst Steinmann","renaissance"
"Ernst Steinmann","renaissance"
"Ernst Steinmann","renaissance"
"Ernst Steinmann","renaissance"
"Ernst Steinmann","renaissance"
"Ernst Steinmann","renaissance"
"John Pope-Hennessy","15th century"
"John Pope-Hennessy","15th century"
"John Pope-Hennessy","15th century"
"John Pope-Hennessy","15th century"
"John Pope-Hennessy","15th century"
"John Pope-Hennessy","15th century"
"John Pope-Hennessy","15th century"
"John Pope-Hennessy","15th century"
"John Pope-Hennessy","15th century"
"John Pope-Hennessy","15th century"
"John Pope-Hennessy","15th century"
"John Pope-Hennessy","15th century"
"John Pope-Hennessy","15th century"
"John Pope-Hennessy","15th century"
"John Pope-Hennessy","15th century"
"John Pope-Hennessy","15th century"
"John Pope-Hennessy","15th century"
"John Pope-Hennessy","15th century"
"John Pope-Hennessy","15th century"
"John Pope-Hennessy","15th century"
"John Pope-Hennessy","15th century"
"John Pope-Hennessy","renaissance"
"John Pope-Hennessy","renaissance"
"John Pope-Hennessy","renaissance"
"John Pope-Hennessy","renaissance"
"John Pope-Hennessy","renaissance"
"John Pope-Hennessy","renaissance"
"John Pope-Hennessy","renaissance"
"John Pope-Hennessy","renaissance"
"John Pope-Hennessy","renaissance"
"John Pope-Hennessy","renaissance"
"John Pope-Hennessy","renaissance"
"John Pope-Hennessy","renaissance"
"John Pope-Hennessy","renaissance"
"John Pope-Hennessy","renaissance"
"John Pope-Hennessy","renaissance"
"John Pope-Hennessy","renaissance"
"John Pope-Hennessy","renaissance"
"John Pope-Hennessy","renaissance"
"John Pope-Hennessy","renaissance"
"John Pope-Hennessy","renaissance"
"John Pope-Hennessy","renaissance"
"John Pope-Hennessy","renaissance"
"John Pope-Hennessy","renaissance"
"John Pope-Hennessy","renaissance"
"John Pope-Hennessy","renaissance"
"John Pope-Hennessy","renaissance"
"John Pope-Hennessy","renaissance"
"John Pope-Hennessy","renaissance"
"John Pope-Hennessy","renaissance"
"John Pope-Hennessy","renaissance"
"John Pope-Hennessy","renaissance"
"John Pope-Hennessy","renaissance"
"John Pope-Hennessy","renaissance"
